phase	workstream	objective	required_input	output	owner	timebox	proceed_condition	kill_condition
P1-00	Kickoff	対象program、対象EPS、レビュー会議体、使うfamilyを確定する	Target program; EPS platform; review template; HILS owner; diagnostic owner	P1 scope sheet	Program lead	0.5 day	FAM08/FAM02/FAM11のうち2つ以上が対象programに関係する	対象programに該当familyがなく、review workflowもない
P1-01	Artifact intake	既存HILS/DTC/reader/release資料を集め、Hold要因を減らす	HILS test list; DTC spec; freeze frame; extended data; reader DID; calibration release checklist	Artifact availability map	Assessment owner	1 day	主要artifactの70%以上が入手できる	DTC/HILS/reader資料がほぼ出ず、coverage判定不能
P1-02	FAM08 coverage fill	Stop-start low-speedのcoverage matrixを実資料で埋める	FAM08 sample; HILS test plan; DTC/freeze frame; motor/power/control monitor list	FAM08 filled matrix	Validation + diagnostics	1-2 days	Already covered / Gap / No actionが各rowで判定できる	ほぼ全rowがUnknownのまま
P1-03	FAM02 coverage fill	Low-speed high-effortへ同じrow構造を適用できるか確認する	Low-speed steering tests; assist command/current; torque sensor; voltage/thermal; DTC spec	FAM02 filled matrix	Validation + motor control	1-2 days	FAM08と同じrow構造で70%以上が使える	専用作り直しが多く、共通benchmarkにならない
P1-04	FAM11 coverage fill	Software/failsafe calibrationへ同じrow構造を適用できるか確認する	Calibration release checklist; failsafe state; software DID; DTC spec; HILS fault injection	FAM11 filled matrix	Software calibration + diagnostics	1-2 days	FAM08と同じrow構造でrelease gateに接続できる	Safety/release processの完全な焼き直しで差分なし
P1-05	Gap classification	各familyのgapを、diagnostic gap / validation gap / release gate gap / no actionに分類する	Filled matrices	Gap classification table	Assessment owner	1 day	3 family合計でactionable gapが3件以上ある	Gapがない、またはすべて既存資料で説明済み
P1-06	Workflow fit check	matrixがprogram review / diagnostic design review / release gateに貼れるか確認する	Review agenda; release gate template; customer quality template	Workflow fit decision	Program lead + diagnostic lead	0.5-1 day	少なくとも1つの既存会議体に貼れる	置き場所がなく、RCA/8D転記しか用途がない
P1-07	Multi-program check	2 program / 2 generationで同じrow構造が使えるか確認する	Program A/B diagnostic spec; HILS library; platform spec	Reuse scorecard	Platform lead	1-2 days	共通rowが70%以上再利用できる	各programで完全に個別設計になる
P1-08	Business decision	Proceed / Hold / Killを判定し、P2へ進むか決める	Gap table; workflow fit; reuse scorecard	P1 decision memo	Business owner	0.5 day	3+ actionable gaps, workflow fit, reuse potentialが揃う	既存HILS/DTC reviewの言い換え、またはworkflow/reuseなし
