id	source_type	source_name	source_url	buyer_or_user	market_pain	relevance_to_eps_event_context	implication	confidence
ECM001	industry terminology	AIAG Automotive Warranty Key Terms	https://aiag.org/docs/default-source/quality/aiag-cqi-14-warranty-key-terms.pdf	EPS supplier warranty / quality	No Trouble Found can occur when returned components cannot be confirmed as faulty and diagnostic or part-intelligence data is insufficient.	EPS ECU-local event context can act as part intelligence when DTC alone is weak.	Use NTF and returned-part evidence as primary framing, not degradation prediction.	High
ECM002	industry report	AIAG Global Automotive Warranty Report	https://www.aiag.org/docs/default-source/Quality-/global_auto_wrnty_rpt.pdf	OEM and supplier warranty teams	Warranty collaboration and supplier root cause analysis depend on timely diagnostic and warranty data.	EPS event context can improve what the supplier brings to RCA discussions.	Position as supplier RCA evidence payload.	High
ECM003	industry blog	AIAG No Trouble Found data analysis	https://blog.aiag.org/addressing-no-trouble-found-via-data-analysis	OEM / supplier quality	System-level issues may appear as replaced components that test NTF, requiring repair and maintenance data mining.	EPS event context can preserve subsystem-level context before the part is removed.	Design evidence for system-level investigation, not component blame.	Medium
ECM004	warranty analytics vendor	AWM Warranty Data Analysis	https://www.awm-warranty-management.com/services/warranty-data-analysis/	Supplier warranty / OEM warranty	Field claims, returned parts, dealer narratives, vehicle diagnostics and NTF investigation are difficult to combine.	EPS event context becomes one structured signal in warranty analysis.	Keep payload standardized and easy to merge with claims and narratives.	High
ECM005	warranty analytics paper	Ubiquiti / Continental Warranty Data Analytics	https://www.ubiquiti.com/ubiquiti-cd-visible/ContiCorp_Ubq_Paper_WCM09.pdf	OEM and supplier warranty analysts	Repair, claim, narrative and returned-part data are fragmented; obvious part replacement can miss root cause and create NTF.	EPS event context can add missing product-side state to fragmented warranty records.	Use returned-part workflow demo rather than generic health dashboard.	High
ECM006	supplier quality software	Supplios Supplier Quality	https://www.supplios.com/features/supplier-quality	Supplier quality engineers	Supplier claims, CAPA, 8D, SCAR, CoQ / CoPQ and chargebacks require structured workflows and evidence.	EPS evidence can feed 8D D4 root cause and SCAR evidence sections.	Package as warranty / 8D evidence option.	High
ECM007	automotive quality software	Rcalls Automotive	https://www.rcalls.com/automotive/	OEM / Tier1 / supplier quality	Automotive quality workflows track component defects, root cause, CAPA, OEM claims and supplier performance.	EPS event context can become component-level evidence inside quality dashboards.	Do not build the whole QMS; provide the evidence payload.	Medium
ECM008	warranty guidelines	CLEPA Warranty Guidelines	https://www.clepa.eu/insights-updates/publications/warranty-guidelines/	Automotive suppliers	Suppliers need warranty handling practices and access to relevant analysis data.	EPS-local evidence may reduce complete dependence on OEM-side data availability.	Frame as supplier-controlled evidence within ECU constraints.	Medium
ECM009	diagnostics / data vendor	Ubiquiti Intelligent Diagnostics	https://ubiquiti.com/diagnostics.html	Service operations / quality engineers	Repair order intelligence links technician notes, labor codes, parts and VIN history to reduce NTF.	EPS event context is not a repair-order product but can improve downstream diagnostic narratives.	Optional integration path, not initial product.	Medium
ECM010	supplier recovery services	Automotive Quality Consulting	https://automotive-quality-consulting.com/en/	Automotive suppliers	Suppliers face warranty recovery, chargebacks and insufficiently substantiated cases.	EPS event context can strengthen evidence in commercial responsibility discussions.	Validate with actual chargeback / recovery pain before productizing.	Medium
ECM011	CAPA / investigation software	Adaptive PIR / FRACAS	https://www.adaptivebms.com/PIR/	Quality and reliability teams	Product defects need traceable investigation, evidence, RCCA / 8D and corrective actions.	EPS event context can be a traceable input to investigation records.	Export evidence in human-readable and structured forms.	Medium
ECM012	connected vehicle platforms	Remote diagnostics / connected vehicle market	https://sibros.tech/	OEM connected platform teams	Vehicle health platforms want telemetry, diagnostics and remote insight but are OEM-platform dependent.	EPS event context can be future payload for connected diagnostics.	Keep as optional future channel; do not make it the core premise.	Medium
