source	amplitude_over_floor	duration_samples	detect_mean	detect_max
NASA Test_8	1	1	0.015	0.01
NASA Test_8	1	2	0	0.005
NASA Test_8	1	5	0.01	0.005
NASA Test_8	1	10	0.01	0.015
NASA Test_8	1	20	0.015	0.015
NASA Test_8	2	1	0.01	0.4
NASA Test_8	2	2	0.02	0.6
NASA Test_8	2	5	0.02	0.845
NASA Test_8	2	10	0.025	0.925
NASA Test_8	2	20	0.19	0.98
NASA Test_8	3	1	0.015	0.985
NASA Test_8	3	2	0.015	0.995
NASA Test_8	3	5	0.01	0.99
NASA Test_8	3	10	0.02	1
NASA Test_8	3	20	0.945	1
NASA Test_8	5	1	0.03	1
NASA Test_8	5	2	0.02	1
NASA Test_8	5	5	0.035	1
NASA Test_8	5	10	0.925	1
NASA Test_8	5	20	0.995	1
NASA Test_8	10	1	0	1
NASA Test_8	10	2	0.005	1
NASA Test_8	10	5	0.9	1
NASA Test_8	10	10	1	1
NASA Test_8	10	20	1	1
NASA Test_8	20	1	0.015	1
NASA Test_8	20	2	0.225	1
NASA Test_8	20	5	1	1
NASA Test_8	20	10	1	1
NASA Test_8	20	20	1	1
NASA Test_9	1	1	0.01	0.02
NASA Test_9	1	2	0.025	0.025
NASA Test_9	1	5	0.01	0.03
NASA Test_9	1	10	0.025	0.05
NASA Test_9	1	20	0.03	0.03
NASA Test_9	2	1	0.015	0.55
NASA Test_9	2	2	0.01	0.76
NASA Test_9	2	5	0.025	0.955
NASA Test_9	2	10	0.03	0.97
NASA Test_9	2	20	0.61	0.985
NASA Test_9	3	1	0.015	0.985
NASA Test_9	3	2	0.005	1
NASA Test_9	3	5	0.04	0.99
NASA Test_9	3	10	0.055	1
NASA Test_9	3	20	0.975	1
NASA Test_9	5	1	0.02	1
NASA Test_9	5	2	0.005	1
NASA Test_9	5	5	0.035	1
NASA Test_9	5	10	0.94	1
NASA Test_9	5	20	1	1
NASA Test_9	10	1	0.01	1
NASA Test_9	10	2	0.045	1
NASA Test_9	10	5	0.955	1
NASA Test_9	10	10	1	1
NASA Test_9	10	20	1	1
NASA Test_9	20	1	0.04	1
NASA Test_9	20	2	0.64	1
NASA Test_9	20	5	1	1
NASA Test_9	20	10	1	1
NASA Test_9	20	20	1	1
NASA Test_10	1	1	0.015	0.015
NASA Test_10	1	2	0.01	0.02
NASA Test_10	1	5	0.025	0.02
NASA Test_10	1	10	0.005	0.005
NASA Test_10	1	20	0.005	0.015
NASA Test_10	2	1	0.02	0.025
NASA Test_10	2	2	0.005	0
NASA Test_10	2	5	0.005	0.005
NASA Test_10	2	10	0.01	0.015
NASA Test_10	2	20	0.02	0.015
NASA Test_10	3	1	0.015	0.01
NASA Test_10	3	2	0.015	0.025
NASA Test_10	3	5	0	0.01
NASA Test_10	3	10	0.02	0.02
NASA Test_10	3	20	0.005	0.01
NASA Test_10	5	1	0.005	0.015
NASA Test_10	5	2	0.005	0.01
NASA Test_10	5	5	0.01	0
NASA Test_10	5	10	0.015	0.02
NASA Test_10	5	20	0.005	0.01
NASA Test_10	10	1	0.015	0.99
NASA Test_10	10	2	0.02	0.995
NASA Test_10	10	5	0.02	0.995
NASA Test_10	10	10	0.025	0.995
NASA Test_10	10	20	0.915	0.99
NASA Test_10	20	1	0	1
NASA Test_10	20	2	0	1
NASA Test_10	20	5	0.02	1
NASA Test_10	20	10	0.95	1
NASA Test_10	20	20	1	1
NASA Test_11	1	1	0.015	0.025
NASA Test_11	1	2	0.015	0.02
NASA Test_11	1	5	0.01	0.01
NASA Test_11	1	10	0.005	0.01
NASA Test_11	1	20	0.01	0.025
NASA Test_11	2	1	0.005	0.46
NASA Test_11	2	2	0.015	0.675
NASA Test_11	2	5	0.005	0.915
NASA Test_11	2	10	0.015	0.955
NASA Test_11	2	20	0.055	0.955
NASA Test_11	3	1	0	0.985
NASA Test_11	3	2	0.01	0.99
NASA Test_11	3	5	0.02	1
NASA Test_11	3	10	0.03	0.995
NASA Test_11	3	20	0.925	1
NASA Test_11	5	1	0.02	1
NASA Test_11	5	2	0.01	1
NASA Test_11	5	5	0.02	1
NASA Test_11	5	10	0.66	1
NASA Test_11	5	20	0.985	1
NASA Test_11	10	1	0.02	1
NASA Test_11	10	2	0.025	1
NASA Test_11	10	5	0.655	1
NASA Test_11	10	10	0.995	1
NASA Test_11	10	20	1	1
NASA Test_11	20	1	0.025	1
NASA Test_11	20	2	0.06	1
NASA Test_11	20	5	1	1
NASA Test_11	20	10	1	1
NASA Test_11	20	20	1	1
NASA Test_12	1	1	0.005	0.05
NASA Test_12	1	2	0	0.06
NASA Test_12	1	5	0.015	0.145
NASA Test_12	1	10	0.02	0.245
NASA Test_12	1	20	0.035	0.395
NASA Test_12	2	1	0.01	0.925
NASA Test_12	2	2	0.02	0.97
NASA Test_12	2	5	0.045	0.99
NASA Test_12	2	10	0.055	0.985
NASA Test_12	2	20	0.945	0.985
NASA Test_12	3	1	0.01	1
NASA Test_12	3	2	0.015	1
NASA Test_12	3	5	0.02	1
NASA Test_12	3	10	0.725	1
NASA Test_12	3	20	0.995	1
NASA Test_12	5	1	0.01	1
NASA Test_12	5	2	0.02	1
NASA Test_12	5	5	0.185	1
NASA Test_12	5	10	1	1
NASA Test_12	5	20	1	1
NASA Test_12	10	1	0.03	1
NASA Test_12	10	2	0.06	1
NASA Test_12	10	5	0.99	1
NASA Test_12	10	10	1	1
NASA Test_12	10	20	1	1
NASA Test_12	20	1	0.04	1
NASA Test_12	20	2	0.97	1
NASA Test_12	20	5	1	1
NASA Test_12	20	10	1	1
NASA Test_12	20	20	1	1
NASA Test_14	1	1	0.005	0.185
NASA Test_14	1	2	0.005	0.325
NASA Test_14	1	5	0.005	0.67
NASA Test_14	1	10	0.01	0.865
NASA Test_14	1	20	0.175	0.93
NASA Test_14	2	1	0.01	0.99
NASA Test_14	2	2	0.015	1
NASA Test_14	2	5	0.025	1
NASA Test_14	2	10	0.215	1
NASA Test_14	2	20	0.995	1
NASA Test_14	3	1	0.005	1
NASA Test_14	3	2	0.015	1
NASA Test_14	3	5	0.055	1
NASA Test_14	3	10	0.96	1
NASA Test_14	3	20	1	1
NASA Test_14	5	1	0	1
NASA Test_14	5	2	0.025	1
NASA Test_14	5	5	0.78	1
NASA Test_14	5	10	0.995	1
NASA Test_14	5	20	1	1
NASA Test_14	10	1	0.015	1
NASA Test_14	10	2	0.24	1
NASA Test_14	10	5	1	1
NASA Test_14	10	10	1	1
NASA Test_14	10	20	1	1
NASA Test_14	20	1	0.21	1
NASA Test_14	20	2	0.985	1
NASA Test_14	20	5	1	1
NASA Test_14	20	10	1	1
NASA Test_14	20	20	1	1
KAIST 1000W_0_00_current	1	1	0.115	0.745
KAIST 1000W_0_00_current	1	2	0.29	0.975
KAIST 1000W_0_00_current	1	5	0.345	0.99
KAIST 1000W_0_00_current	1	10	0.89	1
KAIST 1000W_0_00_current	1	20	1	1
KAIST 1000W_0_00_current	2	1	0.25	1
KAIST 1000W_0_00_current	2	2	0.355	1
KAIST 1000W_0_00_current	2	5	0.9	1
KAIST 1000W_0_00_current	2	10	1	1
KAIST 1000W_0_00_current	2	20	1	1
KAIST 1000W_0_00_current	3	1	0.255	1
KAIST 1000W_0_00_current	3	2	0.59	1
KAIST 1000W_0_00_current	3	5	1	1
KAIST 1000W_0_00_current	3	10	1	1
KAIST 1000W_0_00_current	3	20	1	1
KAIST 1000W_0_00_current	5	1	0.35	1
KAIST 1000W_0_00_current	5	2	0.875	1
KAIST 1000W_0_00_current	5	5	1	1
KAIST 1000W_0_00_current	5	10	1	1
KAIST 1000W_0_00_current	5	20	1	1
KAIST 1000W_0_00_current	10	1	0.89	1
KAIST 1000W_0_00_current	10	2	1	1
KAIST 1000W_0_00_current	10	5	1	1
KAIST 1000W_0_00_current	10	10	1	1
KAIST 1000W_0_00_current	10	20	1	1
KAIST 1000W_0_00_current	20	1	1	1
KAIST 1000W_0_00_current	20	2	1	1
KAIST 1000W_0_00_current	20	5	1	1
KAIST 1000W_0_00_current	20	10	1	1
KAIST 1000W_0_00_current	20	20	1	1
KAIST 1000W_0_00_current	1	1	0.12	0.78
KAIST 1000W_0_00_current	1	2	0.315	0.96
KAIST 1000W_0_00_current	1	5	0.385	0.99
KAIST 1000W_0_00_current	1	10	0.905	1
KAIST 1000W_0_00_current	1	20	1	1
KAIST 1000W_0_00_current	2	1	0.205	1
KAIST 1000W_0_00_current	2	2	0.34	1
KAIST 1000W_0_00_current	2	5	0.85	1
KAIST 1000W_0_00_current	2	10	1	1
KAIST 1000W_0_00_current	2	20	1	1
KAIST 1000W_0_00_current	3	1	0.215	1
KAIST 1000W_0_00_current	3	2	0.64	1
KAIST 1000W_0_00_current	3	5	1	1
KAIST 1000W_0_00_current	3	10	1	1
KAIST 1000W_0_00_current	3	20	1	1
KAIST 1000W_0_00_current	5	1	0.355	1
KAIST 1000W_0_00_current	5	2	0.87	1
KAIST 1000W_0_00_current	5	5	1	1
KAIST 1000W_0_00_current	5	10	1	1
KAIST 1000W_0_00_current	5	20	1	1
KAIST 1000W_0_00_current	10	1	0.87	1
KAIST 1000W_0_00_current	10	2	1	1
KAIST 1000W_0_00_current	10	5	1	1
KAIST 1000W_0_00_current	10	10	1	1
KAIST 1000W_0_00_current	10	20	1	1
KAIST 1000W_0_00_current	20	1	1	1
KAIST 1000W_0_00_current	20	2	1	1
KAIST 1000W_0_00_current	20	5	1	1
KAIST 1000W_0_00_current	20	10	1	1
KAIST 1000W_0_00_current	20	20	1	1
