kind	file_or_series	fs_mult	bits	lsb_A	floor_lab	floor_quantized
D	1.0kW/1000W_0_00_current_intercoil	1.5	8	0.020008	0.010307	0.00999406
D	1.0kW/1000W_0_00_current_intercoil	1.5	9	0.010004	0.010307	0.010457
D	1.0kW/1000W_0_00_current_intercoil	1.5	10	0.005002	0.010307	0.0102961
D	1.0kW/1000W_0_00_current_intercoil	1.5	11	0.002501	0.010307	0.0102822
D	1.0kW/1000W_0_00_current_intercoil	1.5	12	0.001250	0.010307	0.0103146
D	1.0kW/1000W_0_00_current_intercoil	1.5	14	0.000313	0.010307	0.0102992
D	1.0kW/1000W_0_00_current_intercoil	1.5	16	0.000078	0.010307	0.0103075
D	1.0kW/1000W_0_00_current_intercoil	2.0	8	0.026677	0.010307	0.010375
D	1.0kW/1000W_0_00_current_intercoil	2.0	9	0.013338	0.010307	0.0104178
D	1.0kW/1000W_0_00_current_intercoil	2.0	10	0.006669	0.010307	0.0101876
D	1.0kW/1000W_0_00_current_intercoil	2.0	11	0.003335	0.010307	0.0103035
D	1.0kW/1000W_0_00_current_intercoil	2.0	12	0.001667	0.010307	0.0103749
D	1.0kW/1000W_0_00_current_intercoil	2.0	14	0.000417	0.010307	0.0102962
D	1.0kW/1000W_0_00_current_intercoil	2.0	16	0.000104	0.010307	0.0103073
D	1.0kW/1000W_0_00_current_intercoil	3.0	8	0.040015	0.010307	0.0109121
D	1.0kW/1000W_0_00_current_intercoil	3.0	9	0.020008	0.010307	0.00999406
D	1.0kW/1000W_0_00_current_intercoil	3.0	10	0.010004	0.010307	0.010457
D	1.0kW/1000W_0_00_current_intercoil	3.0	11	0.005002	0.010307	0.0102961
D	1.0kW/1000W_0_00_current_intercoil	3.0	12	0.002501	0.010307	0.0102822
D	1.0kW/1000W_0_00_current_intercoil	3.0	14	0.000625	0.010307	0.0103148
D	1.0kW/1000W_0_00_current_intercoil	3.0	16	0.000156	0.010307	0.0103064
D	1.0kW/1000W_0_00_current_interturn	1.5	8	0.020008	0.010307	0.00999406
D	1.0kW/1000W_0_00_current_interturn	1.5	9	0.010004	0.010307	0.010457
D	1.0kW/1000W_0_00_current_interturn	1.5	10	0.005002	0.010307	0.0102961
D	1.0kW/1000W_0_00_current_interturn	1.5	11	0.002501	0.010307	0.0102822
D	1.0kW/1000W_0_00_current_interturn	1.5	12	0.001250	0.010307	0.0103146
D	1.0kW/1000W_0_00_current_interturn	1.5	14	0.000313	0.010307	0.0102992
D	1.0kW/1000W_0_00_current_interturn	1.5	16	0.000078	0.010307	0.0103075
D	1.0kW/1000W_0_00_current_interturn	2.0	8	0.026677	0.010307	0.010375
D	1.0kW/1000W_0_00_current_interturn	2.0	9	0.013338	0.010307	0.0104178
D	1.0kW/1000W_0_00_current_interturn	2.0	10	0.006669	0.010307	0.0101876
D	1.0kW/1000W_0_00_current_interturn	2.0	11	0.003335	0.010307	0.0103035
D	1.0kW/1000W_0_00_current_interturn	2.0	12	0.001667	0.010307	0.0103749
D	1.0kW/1000W_0_00_current_interturn	2.0	14	0.000417	0.010307	0.0102962
D	1.0kW/1000W_0_00_current_interturn	2.0	16	0.000104	0.010307	0.0103073
D	1.0kW/1000W_0_00_current_interturn	3.0	8	0.040015	0.010307	0.0109121
D	1.0kW/1000W_0_00_current_interturn	3.0	9	0.020008	0.010307	0.00999406
D	1.0kW/1000W_0_00_current_interturn	3.0	10	0.010004	0.010307	0.010457
D	1.0kW/1000W_0_00_current_interturn	3.0	11	0.005002	0.010307	0.0102961
D	1.0kW/1000W_0_00_current_interturn	3.0	12	0.002501	0.010307	0.0102822
D	1.0kW/1000W_0_00_current_interturn	3.0	14	0.000625	0.010307	0.0103148
D	1.0kW/1000W_0_00_current_interturn	3.0	16	0.000156	0.010307	0.0103064
D	1.5kW/1500W_0_00_current_intercoil	1.5	8	0.117458	0.0211901	0.0211548
D	1.5kW/1500W_0_00_current_intercoil	1.5	9	0.058729	0.0211901	0.0208371
D	1.5kW/1500W_0_00_current_intercoil	1.5	10	0.029364	0.0211901	0.021157
D	1.5kW/1500W_0_00_current_intercoil	1.5	11	0.014682	0.0211901	0.0211726
D	1.5kW/1500W_0_00_current_intercoil	1.5	12	0.007341	0.0211901	0.0211945
D	1.5kW/1500W_0_00_current_intercoil	1.5	14	0.001835	0.0211901	0.0211736
D	1.5kW/1500W_0_00_current_intercoil	1.5	16	0.000459	0.0211901	0.0211949
D	1.5kW/1500W_0_00_current_intercoil	2.0	8	0.156610	0.0211901	0.0208966
D	1.5kW/1500W_0_00_current_intercoil	2.0	9	0.078305	0.0211901	0.020507
D	1.5kW/1500W_0_00_current_intercoil	2.0	10	0.039153	0.0211901	0.0213657
D	1.5kW/1500W_0_00_current_intercoil	2.0	11	0.019576	0.0211901	0.0212045
D	1.5kW/1500W_0_00_current_intercoil	2.0	12	0.009788	0.0211901	0.0211464
D	1.5kW/1500W_0_00_current_intercoil	2.0	14	0.002447	0.0211901	0.0211875
D	1.5kW/1500W_0_00_current_intercoil	2.0	16	0.000612	0.0211901	0.0211917
D	1.5kW/1500W_0_00_current_intercoil	3.0	8	0.234915	0.0211901	0.0210216
D	1.5kW/1500W_0_00_current_intercoil	3.0	9	0.117458	0.0211901	0.0211548
D	1.5kW/1500W_0_00_current_intercoil	3.0	10	0.058729	0.0211901	0.0208371
D	1.5kW/1500W_0_00_current_intercoil	3.0	11	0.029364	0.0211901	0.021157
D	1.5kW/1500W_0_00_current_intercoil	3.0	12	0.014682	0.0211901	0.0211726
D	1.5kW/1500W_0_00_current_intercoil	3.0	14	0.003671	0.0211901	0.0212002
D	1.5kW/1500W_0_00_current_intercoil	3.0	16	0.000918	0.0211901	0.0211888
D	1.5kW/1500W_0_00_current_interturn	1.5	8	0.117458	0.0211901	0.0211548
D	1.5kW/1500W_0_00_current_interturn	1.5	9	0.058729	0.0211901	0.0208371
D	1.5kW/1500W_0_00_current_interturn	1.5	10	0.029364	0.0211901	0.021157
D	1.5kW/1500W_0_00_current_interturn	1.5	11	0.014682	0.0211901	0.0211726
D	1.5kW/1500W_0_00_current_interturn	1.5	12	0.007341	0.0211901	0.0211945
D	1.5kW/1500W_0_00_current_interturn	1.5	14	0.001835	0.0211901	0.0211736
D	1.5kW/1500W_0_00_current_interturn	1.5	16	0.000459	0.0211901	0.0211949
D	1.5kW/1500W_0_00_current_interturn	2.0	8	0.156610	0.0211901	0.0208966
D	1.5kW/1500W_0_00_current_interturn	2.0	9	0.078305	0.0211901	0.020507
D	1.5kW/1500W_0_00_current_interturn	2.0	10	0.039153	0.0211901	0.0213657
D	1.5kW/1500W_0_00_current_interturn	2.0	11	0.019576	0.0211901	0.0212045
D	1.5kW/1500W_0_00_current_interturn	2.0	12	0.009788	0.0211901	0.0211464
D	1.5kW/1500W_0_00_current_interturn	2.0	14	0.002447	0.0211901	0.0211875
D	1.5kW/1500W_0_00_current_interturn	2.0	16	0.000612	0.0211901	0.0211917
D	1.5kW/1500W_0_00_current_interturn	3.0	8	0.234915	0.0211901	0.0210216
D	1.5kW/1500W_0_00_current_interturn	3.0	9	0.117458	0.0211901	0.0211548
D	1.5kW/1500W_0_00_current_interturn	3.0	10	0.058729	0.0211901	0.0208371
D	1.5kW/1500W_0_00_current_interturn	3.0	11	0.029364	0.0211901	0.021157
D	1.5kW/1500W_0_00_current_interturn	3.0	12	0.014682	0.0211901	0.0211726
D	1.5kW/1500W_0_00_current_interturn	3.0	14	0.003671	0.0211901	0.0212002
D	1.5kW/1500W_0_00_current_interturn	3.0	16	0.000918	0.0211901	0.0211888
D	3.0kW/3000W_0_00_current_intercoil	1.5	8	0.118034	0.0143593	0.0143765
D	3.0kW/3000W_0_00_current_intercoil	1.5	9	0.059017	0.0143593	0.0141036
D	3.0kW/3000W_0_00_current_intercoil	1.5	10	0.029508	0.0143593	0.0142029
D	3.0kW/3000W_0_00_current_intercoil	1.5	11	0.014754	0.0143593	0.0144961
D	3.0kW/3000W_0_00_current_intercoil	1.5	12	0.007377	0.0143593	0.0144199
D	3.0kW/3000W_0_00_current_intercoil	1.5	14	0.001844	0.0143593	0.0143594
D	3.0kW/3000W_0_00_current_intercoil	1.5	16	0.000461	0.0143593	0.0143577
D	3.0kW/3000W_0_00_current_intercoil	2.0	8	0.157379	0.0143593	0.0135382
D	3.0kW/3000W_0_00_current_intercoil	2.0	9	0.078689	0.0143593	0.0139761
D	3.0kW/3000W_0_00_current_intercoil	2.0	10	0.039345	0.0143593	0.0143063
D	3.0kW/3000W_0_00_current_intercoil	2.0	11	0.019672	0.0143593	0.0145013
D	3.0kW/3000W_0_00_current_intercoil	2.0	12	0.009836	0.0143593	0.0143914
D	3.0kW/3000W_0_00_current_intercoil	2.0	14	0.002459	0.0143593	0.0143659
D	3.0kW/3000W_0_00_current_intercoil	2.0	16	0.000615	0.0143593	0.0143565
D	3.0kW/3000W_0_00_current_intercoil	3.0	8	0.236068	0.0143593	0.0151141
D	3.0kW/3000W_0_00_current_intercoil	3.0	9	0.118034	0.0143593	0.0143765
D	3.0kW/3000W_0_00_current_intercoil	3.0	10	0.059017	0.0143593	0.0141036
D	3.0kW/3000W_0_00_current_intercoil	3.0	11	0.029508	0.0143593	0.0142029
D	3.0kW/3000W_0_00_current_intercoil	3.0	12	0.014754	0.0143593	0.0144961
D	3.0kW/3000W_0_00_current_intercoil	3.0	14	0.003689	0.0143593	0.0143453
D	3.0kW/3000W_0_00_current_intercoil	3.0	16	0.000922	0.0143593	0.0143557
D	3.0kW/3000W_0_00_current_interturn	1.5	8	0.118034	0.0143593	0.0143765
D	3.0kW/3000W_0_00_current_interturn	1.5	9	0.059017	0.0143593	0.0141036
D	3.0kW/3000W_0_00_current_interturn	1.5	10	0.029508	0.0143593	0.0142029
D	3.0kW/3000W_0_00_current_interturn	1.5	11	0.014754	0.0143593	0.0144961
D	3.0kW/3000W_0_00_current_interturn	1.5	12	0.007377	0.0143593	0.0144199
D	3.0kW/3000W_0_00_current_interturn	1.5	14	0.001844	0.0143593	0.0143594
D	3.0kW/3000W_0_00_current_interturn	1.5	16	0.000461	0.0143593	0.0143577
D	3.0kW/3000W_0_00_current_interturn	2.0	8	0.157379	0.0143593	0.0135382
D	3.0kW/3000W_0_00_current_interturn	2.0	9	0.078689	0.0143593	0.0139761
D	3.0kW/3000W_0_00_current_interturn	2.0	10	0.039345	0.0143593	0.0143063
D	3.0kW/3000W_0_00_current_interturn	2.0	11	0.019672	0.0143593	0.0145013
D	3.0kW/3000W_0_00_current_interturn	2.0	12	0.009836	0.0143593	0.0143914
D	3.0kW/3000W_0_00_current_interturn	2.0	14	0.002459	0.0143593	0.0143659
D	3.0kW/3000W_0_00_current_interturn	2.0	16	0.000615	0.0143593	0.0143565
D	3.0kW/3000W_0_00_current_interturn	3.0	8	0.236068	0.0143593	0.0151141
D	3.0kW/3000W_0_00_current_interturn	3.0	9	0.118034	0.0143593	0.0143765
D	3.0kW/3000W_0_00_current_interturn	3.0	10	0.059017	0.0143593	0.0141036
D	3.0kW/3000W_0_00_current_interturn	3.0	11	0.029508	0.0143593	0.0142029
D	3.0kW/3000W_0_00_current_interturn	3.0	12	0.014754	0.0143593	0.0144961
D	3.0kW/3000W_0_00_current_interturn	3.0	14	0.003689	0.0143593	0.0143453
D	3.0kW/3000W_0_00_current_interturn	3.0	16	0.000922	0.0143593	0.0143557
D	1.0kW/1000W_0_00_current_intercoil	1.5	4	0.320123	0.010307	0.0176296
D	1.0kW/1000W_0_00_current_intercoil	1.5	5	0.160062	0.010307	0.0129345
D	1.0kW/1000W_0_00_current_intercoil	1.5	6	0.080031	0.010307	0.0117691
D	1.0kW/1000W_0_00_current_intercoil	1.5	7	0.040015	0.010307	0.0109121
D	1.0kW/1000W_0_00_current_intercoil	2.0	4	0.426831	0.010307	0.02128
D	1.0kW/1000W_0_00_current_intercoil	2.0	5	0.213415	0.010307	0.0113632
D	1.0kW/1000W_0_00_current_intercoil	2.0	6	0.106708	0.010307	0.0115557
D	1.0kW/1000W_0_00_current_intercoil	2.0	7	0.053354	0.010307	0.0104365
D	1.0kW/1000W_0_00_current_intercoil	3.0	4	0.640246	0.010307	0.0120769
D	1.0kW/1000W_0_00_current_intercoil	3.0	5	0.320123	0.010307	0.0176296
D	1.0kW/1000W_0_00_current_intercoil	3.0	6	0.160062	0.010307	0.0129345
D	1.0kW/1000W_0_00_current_intercoil	3.0	7	0.080031	0.010307	0.0117691
D	1.0kW/1000W_0_00_current_interturn	1.5	4	0.320123	0.010307	0.0176296
D	1.0kW/1000W_0_00_current_interturn	1.5	5	0.160062	0.010307	0.0129345
D	1.0kW/1000W_0_00_current_interturn	1.5	6	0.080031	0.010307	0.0117691
D	1.0kW/1000W_0_00_current_interturn	1.5	7	0.040015	0.010307	0.0109121
D	1.0kW/1000W_0_00_current_interturn	2.0	4	0.426831	0.010307	0.02128
D	1.0kW/1000W_0_00_current_interturn	2.0	5	0.213415	0.010307	0.0113632
D	1.0kW/1000W_0_00_current_interturn	2.0	6	0.106708	0.010307	0.0115557
D	1.0kW/1000W_0_00_current_interturn	2.0	7	0.053354	0.010307	0.0104365
D	1.0kW/1000W_0_00_current_interturn	3.0	4	0.640246	0.010307	0.0120769
D	1.0kW/1000W_0_00_current_interturn	3.0	5	0.320123	0.010307	0.0176296
D	1.0kW/1000W_0_00_current_interturn	3.0	6	0.160062	0.010307	0.0129345
D	1.0kW/1000W_0_00_current_interturn	3.0	7	0.080031	0.010307	0.0117691
D	1.5kW/1500W_0_00_current_intercoil	1.5	4	1.879324	0.0211901	0.0123105
D	1.5kW/1500W_0_00_current_intercoil	1.5	5	0.939662	0.0211901	0.0232873
D	1.5kW/1500W_0_00_current_intercoil	1.5	6	0.469831	0.0211901	0.018909
D	1.5kW/1500W_0_00_current_intercoil	1.5	7	0.234915	0.0211901	0.0210216
D	1.5kW/1500W_0_00_current_intercoil	2.0	4	2.505765	0.0211901	0.0277021
D	1.5kW/1500W_0_00_current_intercoil	2.0	5	1.252882	0.0211901	0.0394291
D	1.5kW/1500W_0_00_current_intercoil	2.0	6	0.626441	0.0211901	0.0181156
D	1.5kW/1500W_0_00_current_intercoil	2.0	7	0.313221	0.0211901	0.0228172
D	1.5kW/1500W_0_00_current_intercoil	3.0	4	3.758647	0.0211901	0.199051
D	1.5kW/1500W_0_00_current_intercoil	3.0	5	1.879324	0.0211901	0.0123105
D	1.5kW/1500W_0_00_current_intercoil	3.0	6	0.939662	0.0211901	0.0232873
D	1.5kW/1500W_0_00_current_intercoil	3.0	7	0.469831	0.0211901	0.018909
D	1.5kW/1500W_0_00_current_interturn	1.5	4	1.879324	0.0211901	0.0123105
D	1.5kW/1500W_0_00_current_interturn	1.5	5	0.939662	0.0211901	0.0232873
D	1.5kW/1500W_0_00_current_interturn	1.5	6	0.469831	0.0211901	0.018909
D	1.5kW/1500W_0_00_current_interturn	1.5	7	0.234915	0.0211901	0.0210216
D	1.5kW/1500W_0_00_current_interturn	2.0	4	2.505765	0.0211901	0.0277021
D	1.5kW/1500W_0_00_current_interturn	2.0	5	1.252882	0.0211901	0.0394291
D	1.5kW/1500W_0_00_current_interturn	2.0	6	0.626441	0.0211901	0.0181156
D	1.5kW/1500W_0_00_current_interturn	2.0	7	0.313221	0.0211901	0.0228172
D	1.5kW/1500W_0_00_current_interturn	3.0	4	3.758647	0.0211901	0.199051
D	1.5kW/1500W_0_00_current_interturn	3.0	5	1.879324	0.0211901	0.0123105
D	1.5kW/1500W_0_00_current_interturn	3.0	6	0.939662	0.0211901	0.0232873
D	1.5kW/1500W_0_00_current_interturn	3.0	7	0.469831	0.0211901	0.018909
D	3.0kW/3000W_0_00_current_intercoil	1.5	4	1.888543	0.0143593	0.0122117
D	3.0kW/3000W_0_00_current_intercoil	1.5	5	0.944271	0.0143593	0.0100166
D	3.0kW/3000W_0_00_current_intercoil	1.5	6	0.472136	0.0143593	0.01668
D	3.0kW/3000W_0_00_current_intercoil	1.5	7	0.236068	0.0143593	0.0151141
D	3.0kW/3000W_0_00_current_intercoil	2.0	4	2.518057	0.0143593	0.0308676
D	3.0kW/3000W_0_00_current_intercoil	2.0	5	1.259028	0.0143593	0.0218289
D	3.0kW/3000W_0_00_current_intercoil	2.0	6	0.629514	0.0143593	0.00995745
D	3.0kW/3000W_0_00_current_intercoil	2.0	7	0.314757	0.0143593	0.021578
D	3.0kW/3000W_0_00_current_intercoil	3.0	4	3.777085	0.0143593	0.066213
D	3.0kW/3000W_0_00_current_intercoil	3.0	5	1.888543	0.0143593	0.0122117
D	3.0kW/3000W_0_00_current_intercoil	3.0	6	0.944271	0.0143593	0.0100166
D	3.0kW/3000W_0_00_current_intercoil	3.0	7	0.472136	0.0143593	0.01668
D	3.0kW/3000W_0_00_current_interturn	1.5	4	1.888543	0.0143593	0.0122117
D	3.0kW/3000W_0_00_current_interturn	1.5	5	0.944271	0.0143593	0.0100166
D	3.0kW/3000W_0_00_current_interturn	1.5	6	0.472136	0.0143593	0.01668
D	3.0kW/3000W_0_00_current_interturn	1.5	7	0.236068	0.0143593	0.0151141
D	3.0kW/3000W_0_00_current_interturn	2.0	4	2.518057	0.0143593	0.0308676
D	3.0kW/3000W_0_00_current_interturn	2.0	5	1.259028	0.0143593	0.0218289
D	3.0kW/3000W_0_00_current_interturn	2.0	6	0.629514	0.0143593	0.00995745
D	3.0kW/3000W_0_00_current_interturn	2.0	7	0.314757	0.0143593	0.021578
D	3.0kW/3000W_0_00_current_interturn	3.0	4	3.777085	0.0143593	0.066213
D	3.0kW/3000W_0_00_current_interturn	3.0	5	1.888543	0.0143593	0.0122117
D	3.0kW/3000W_0_00_current_interturn	3.0	6	0.944271	0.0143593	0.0100166
D	3.0kW/3000W_0_00_current_interturn	3.0	7	0.472136	0.0143593	0.01668
P	NASA Test_8		1			3.0
P	NASA Test_8		2			2.5
P	NASA Test_8		5			2.0
P	NASA Test_8		10			2.0
P	NASA Test_8		20			2.0
P	NASA Test_8		40			1.5
P	NASA Test_9		1			2.5
P	NASA Test_9		2			2.5
P	NASA Test_9		5			2.0
P	NASA Test_9		10			2.0
P	NASA Test_9		20			1.5
P	NASA Test_9		40			1.5
P	NASA Test_10		1			13.0
P	NASA Test_10		2			12.5
P	NASA Test_10		5			11.5
P	NASA Test_10		10			10.5
P	NASA Test_10		20			8.0
P	NASA Test_10		40			5.5
P	NASA Test_11		1			2.5
P	NASA Test_11		2			2.5
P	NASA Test_11		5			2.5
P	NASA Test_11		10			2.0
P	NASA Test_11		20			2.0
P	NASA Test_11		40			1.5
P	NASA Test_12		1			2.0
P	NASA Test_12		2			2.0
P	NASA Test_12		5			1.5
P	NASA Test_12		10			1.5
P	NASA Test_12		20			1.5
P	NASA Test_12		40			1.0
P	NASA Test_14		1			2.0
P	NASA Test_14		2			1.5
P	NASA Test_14		5			1.5
P	NASA Test_14		10			1.5
P	NASA Test_14		20			1.0
P	NASA Test_14		40			1.0
P	KAIST 1000W_0_00_current		1			1.5
P	KAIST 1000W_0_00_current		2			1.0
P	KAIST 1000W_0_00_current		5			0.5
P	KAIST 1000W_0_00_current		10			0.5
P	KAIST 1000W_0_00_current		20			None
P	KAIST 1000W_0_00_current		40			None
P	KAIST 1000W_0_00_current		1			1.5
P	KAIST 1000W_0_00_current		2			1.0
P	KAIST 1000W_0_00_current		5			0.5
P	KAIST 1000W_0_00_current		10			0.5
P	KAIST 1000W_0_00_current		20			None
P	KAIST 1000W_0_00_current		40			None
