severity	R_ohm	L_H	unbalance	i2_over_i1
0.0000	1.0	0.0050	0.000000	0.000000
0.0000	1.0	0.0100	0.000000	0.000000
0.0000	1.0	0.0150	0.000000	0.000000
0.0000	1.0	0.0200	0.000000	0.000000
0.0000	2.0	0.0050	0.000000	0.000000
0.0000	2.0	0.0100	0.000000	0.000000
0.0000	2.0	0.0150	0.000000	0.000000
0.0000	2.0	0.0200	0.000000	0.000000
0.0000	3.0	0.0050	0.000000	0.000000
0.0000	3.0	0.0100	0.000000	0.000000
0.0000	3.0	0.0150	0.000000	0.000000
0.0000	3.0	0.0200	0.000000	0.000000
0.0000	4.0	0.0050	0.000000	0.000000
0.0000	4.0	0.0100	0.000000	0.000000
0.0000	4.0	0.0150	0.000000	0.000000
0.0000	4.0	0.0200	0.000000	0.000000
0.0000	5.0	0.0050	0.000000	0.000000
0.0000	5.0	0.0100	0.000000	0.000000
0.0000	5.0	0.0150	0.000000	0.000000
0.0000	5.0	0.0200	0.000000	0.000000
0.0226	1.0	0.0050	0.046915	0.027368
0.0226	1.0	0.0100	0.060918	0.035413
0.0226	1.0	0.0150	0.063753	0.037916
0.0226	1.0	0.0200	0.064161	0.038931
0.0226	2.0	0.0050	0.045340	0.026226
0.0226	2.0	0.0100	0.059239	0.034519
0.0226	2.0	0.0150	0.062766	0.037390
0.0226	2.0	0.0200	0.063558	0.038602
0.0226	3.0	0.0050	0.044432	0.025663
0.0226	3.0	0.0100	0.057792	0.033779
0.0226	3.0	0.0150	0.061838	0.036910
0.0226	3.0	0.0200	0.062973	0.038289
0.0226	4.0	0.0050	0.043985	0.025513
0.0226	4.0	0.0100	0.056563	0.033187
0.0226	4.0	0.0150	0.060975	0.036479
0.0226	4.0	0.0200	0.062407	0.037996
0.0226	5.0	0.0050	0.043850	0.025640
0.0226	5.0	0.0100	0.055536	0.032729
0.0226	5.0	0.0150	0.060180	0.036096
0.0226	5.0	0.0200	0.061865	0.037723
0.0270	1.0	0.0050	0.060867	0.035218
0.0270	1.0	0.0100	0.074044	0.043479
0.0270	1.0	0.0150	0.075950	0.045811
0.0270	1.0	0.0200	0.075919	0.046725
0.0270	2.0	0.0050	0.058370	0.033712
0.0270	2.0	0.0100	0.072154	0.042489
0.0270	2.0	0.0150	0.074925	0.045260
0.0270	2.0	0.0200	0.075312	0.046388
0.0270	3.0	0.0050	0.056803	0.032915
0.0270	3.0	0.0100	0.070494	0.041659
0.0270	3.0	0.0150	0.073950	0.044754
0.0270	3.0	0.0200	0.074717	0.046067
0.0270	4.0	0.0050	0.055894	0.032630
0.0270	4.0	0.0100	0.069061	0.040985
0.0270	4.0	0.0150	0.073033	0.044294
0.0270	4.0	0.0200	0.074138	0.045763
0.0270	5.0	0.0050	0.055442	0.032691
0.0270	5.0	0.0100	0.067844	0.040455
0.0270	5.0	0.0150	0.072180	0.043884
0.0270	5.0	0.0200	0.073580	0.045479
0.0335	1.0	0.0050	0.081154	0.046909
0.0335	1.0	0.0100	0.092374	0.055124
0.0335	1.0	0.0150	0.093179	0.057227
0.0335	1.0	0.0200	0.092683	0.058026
0.0335	2.0	0.0050	0.077451	0.044936
0.0335	2.0	0.0100	0.090306	0.054045
0.0335	2.0	0.0150	0.092135	0.056657
0.0335	2.0	0.0200	0.092081	0.057684
0.0335	3.0	0.0050	0.074983	0.043825
0.0335	3.0	0.0100	0.088448	0.053125
0.0335	3.0	0.0150	0.091129	0.056127
0.0335	3.0	0.0200	0.091485	0.057356
0.0335	4.0	0.0050	0.073428	0.043350
0.0335	4.0	0.0100	0.086814	0.052365
0.0335	4.0	0.0150	0.090171	0.055643
0.0335	4.0	0.0200	0.090901	0.057045
0.0335	5.0	0.0050	0.072521	0.043309
0.0335	5.0	0.0100	0.085403	0.051759
0.0335	5.0	0.0150	0.089270	0.055207
0.0335	5.0	0.0200	0.090333	0.056752
0.0441	1.0	0.0050	0.112490	0.065743
0.0441	1.0	0.0100	0.120262	0.073525
0.0441	1.0	0.0150	0.119826	0.075335
0.0441	1.0	0.0200	0.118857	0.076004
0.0441	2.0	0.0050	0.107352	0.063206
0.0441	2.0	0.0100	0.118083	0.072371
0.0441	2.0	0.0150	0.118792	0.074754
0.0441	2.0	0.0200	0.118272	0.075662
0.0441	3.0	0.0050	0.103733	0.061689
0.0441	3.0	0.0100	0.116074	0.071369
0.0441	3.0	0.0150	0.117780	0.074208
0.0441	3.0	0.0200	0.117689	0.075332
0.0441	4.0	0.0050	0.101312	0.060952
0.0441	4.0	0.0100	0.114267	0.070527
0.0441	4.0	0.0150	0.116803	0.073706
0.0441	4.0	0.0200	0.117111	0.075017
0.0441	5.0	0.0050	0.099776	0.060759
0.0441	5.0	0.0100	0.112676	0.069844
0.0441	5.0	0.0150	0.115872	0.073249
0.0441	5.0	0.0200	0.116544	0.074719
0.0648	1.0	0.0050	0.167345	0.101006
0.0648	1.0	0.0100	0.169928	0.107796
0.0648	1.0	0.0150	0.168174	0.109242
0.0648	1.0	0.0200	0.166749	0.109765
0.0648	2.0	0.0050	0.160831	0.097869
0.0648	2.0	0.0100	0.167765	0.106603
0.0648	2.0	0.0150	0.167197	0.108666
0.0648	2.0	0.0200	0.166205	0.109431
0.0648	3.0	0.0050	0.155925	0.095866
0.0648	3.0	0.0100	0.165708	0.105546
0.0648	3.0	0.0150	0.166225	0.108120
0.0648	3.0	0.0200	0.165656	0.109107
0.0648	4.0	0.0050	0.152446	0.094790
0.0648	4.0	0.0100	0.163808	0.104641
0.0648	4.0	0.0150	0.165271	0.107612
0.0648	4.0	0.0200	0.165107	0.108796
0.0648	5.0	0.0050	0.150097	0.094384
0.0648	5.0	0.0100	0.162094	0.103892
0.0648	5.0	0.0150	0.164350	0.107145
0.0648	5.0	0.0200	0.164564	0.108500
0.1217	1.0	0.0050	0.289342	0.188545
0.1217	1.0	0.0100	0.285533	0.193566
0.1217	1.0	0.0150	0.282631	0.194563
0.1217	1.0	0.0200	0.280876	0.194917
0.1217	2.0	0.0050	0.282543	0.185066
0.1217	2.0	0.0100	0.283689	0.192440
0.1217	2.0	0.0150	0.281828	0.194037
0.1217	2.0	0.0200	0.280434	0.194616
0.1217	3.0	0.0050	0.276922	0.182681
0.1217	3.0	0.0100	0.281865	0.191419
0.1217	3.0	0.0150	0.281011	0.193533
0.1217	3.0	0.0200	0.279981	0.194322
0.1217	4.0	0.0050	0.272625	0.181277
0.1217	4.0	0.0100	0.280118	0.190527
0.1217	4.0	0.0150	0.280194	0.193060
0.1217	4.0	0.0200	0.279522	0.194038
0.1217	5.0	0.0050	0.269522	0.180629
0.1217	5.0	0.0100	0.278492	0.189774
0.1217	5.0	0.0150	0.279388	0.192621
0.1217	5.0	0.0200	0.279062	0.193766
0.2169	1.0	0.0050	0.436898	0.312448
0.2169	1.0	0.0100	0.430457	0.316076
0.2169	1.0	0.0150	0.427396	0.316778
0.2169	1.0	0.0200	0.425704	0.317025
0.2169	2.0	0.0050	0.431499	0.309277
0.2169	2.0	0.0100	0.429121	0.315117
0.2169	2.0	0.0150	0.426825	0.316336
0.2169	2.0	0.0200	0.425391	0.316774
0.2169	3.0	0.0050	0.426693	0.307015
0.2169	3.0	0.0100	0.427755	0.314238
0.2169	3.0	0.0150	0.426231	0.315911
0.2169	3.0	0.0200	0.425066	0.316527
0.2169	4.0	0.0050	0.422792	0.305626
0.2169	4.0	0.0100	0.426408	0.313462
0.2169	4.0	0.0150	0.425627	0.315509
0.2169	4.0	0.0200	0.424732	0.316289
0.2169	5.0	0.0050	0.419823	0.304934
0.2169	5.0	0.0100	0.425122	0.312799
0.2169	5.0	0.0150	0.425021	0.315135
0.2169	5.0	0.0200	0.424393	0.316059
