window_s	n_sub	k_of_n	clean_fpr	kind	magnitude	detected	usable	detection_rate
15	4	1	0.1898	lag_s	0.1	84	111	0.7568
15	4	1	0.1898	lag_s	0.2	104	111	0.9369
15	4	1	0.1898	lag_s	0.3	108	111	0.9730
15	4	1	0.1898	lag_s	0.4	111	111	1.0000
15	4	1	0.1898	lag_s	0.5	111	111	1.0000
15	4	1	0.1898	gain	0.02	4	111	0.0360
15	4	1	0.1898	gain	0.05	37	111	0.3333
15	4	1	0.1898	gain	0.1	83	111	0.7477
15	4	1	0.1898	gain	0.15	104	111	0.9369
15	4	1	0.1898	gain	0.2	111	111	1.0000
15	4	1	0.1898	bias_ms2	0.05	103	111	0.9279
15	4	1	0.1898	bias_ms2	0.1	111	111	1.0000
15	4	1	0.1898	bias_ms2	0.2	111	111	1.0000
15	4	1	0.1898	bias_ms2	0.3	111	111	1.0000
15	4	1	0.1898	asym_ms2	0.05	11	111	0.0991
15	4	1	0.1898	asym_ms2	0.1	51	111	0.4595
15	4	1	0.1898	asym_ms2	0.2	105	111	0.9459
15	4	1	0.1898	asym_ms2	0.3	111	111	1.0000
15	4	2	0.0219	lag_s	0.1	67	134	0.5000
15	4	2	0.0219	lag_s	0.2	109	134	0.8134
15	4	2	0.0219	lag_s	0.3	124	134	0.9254
15	4	2	0.0219	lag_s	0.4	129	134	0.9627
15	4	2	0.0219	lag_s	0.5	132	134	0.9851
15	4	2	0.0219	gain	0.02	0	134	0.0000
15	4	2	0.0219	gain	0.05	21	134	0.1567
15	4	2	0.0219	gain	0.1	68	134	0.5075
15	4	2	0.0219	gain	0.15	101	134	0.7537
15	4	2	0.0219	gain	0.2	121	134	0.9030
15	4	2	0.0219	bias_ms2	0.05	82	134	0.6119
15	4	2	0.0219	bias_ms2	0.1	134	134	1.0000
15	4	2	0.0219	bias_ms2	0.2	134	134	1.0000
15	4	2	0.0219	bias_ms2	0.3	134	134	1.0000
15	4	2	0.0219	asym_ms2	0.05	4	134	0.0299
15	4	2	0.0219	asym_ms2	0.1	32	134	0.2388
15	4	2	0.0219	asym_ms2	0.2	119	134	0.8881
15	4	2	0.0219	asym_ms2	0.3	133	134	0.9925
15	4	3	0.0073	lag_s	0.1	29	136	0.2132
15	4	3	0.0073	lag_s	0.2	71	136	0.5221
15	4	3	0.0073	lag_s	0.3	101	136	0.7426
15	4	3	0.0073	lag_s	0.4	112	136	0.8235
15	4	3	0.0073	lag_s	0.5	121	136	0.8897
15	4	3	0.0073	gain	0.02	0	136	0.0000
15	4	3	0.0073	gain	0.05	8	136	0.0588
15	4	3	0.0073	gain	0.1	33	136	0.2426
15	4	3	0.0073	gain	0.15	67	136	0.4926
15	4	3	0.0073	gain	0.2	97	136	0.7132
15	4	3	0.0073	bias_ms2	0.05	25	136	0.1838
15	4	3	0.0073	bias_ms2	0.1	136	136	1.0000
15	4	3	0.0073	bias_ms2	0.2	136	136	1.0000
15	4	3	0.0073	bias_ms2	0.3	136	136	1.0000
15	4	3	0.0073	asym_ms2	0.05	1	136	0.0074
15	4	3	0.0073	asym_ms2	0.1	8	136	0.0588
15	4	3	0.0073	asym_ms2	0.2	84	136	0.6176
15	4	3	0.0073	asym_ms2	0.3	119	136	0.8750
15	4	4	0.0000	lag_s	0.1	9	137	0.0657
15	4	4	0.0000	lag_s	0.2	31	137	0.2263
15	4	4	0.0000	lag_s	0.3	56	137	0.4088
15	4	4	0.0000	lag_s	0.4	74	137	0.5401
15	4	4	0.0000	lag_s	0.5	83	137	0.6058
15	4	4	0.0000	gain	0.02	0	137	0.0000
15	4	4	0.0000	gain	0.05	0	137	0.0000
15	4	4	0.0000	gain	0.1	15	137	0.1095
15	4	4	0.0000	gain	0.15	34	137	0.2482
15	4	4	0.0000	gain	0.2	58	137	0.4234
15	4	4	0.0000	bias_ms2	0.05	0	137	0.0000
15	4	4	0.0000	bias_ms2	0.1	134	137	0.9781
15	4	4	0.0000	bias_ms2	0.2	137	137	1.0000
15	4	4	0.0000	bias_ms2	0.3	137	137	1.0000
15	4	4	0.0000	asym_ms2	0.05	2	137	0.0146
15	4	4	0.0000	asym_ms2	0.1	3	137	0.0219
15	4	4	0.0000	asym_ms2	0.2	41	137	0.2993
15	4	4	0.0000	asym_ms2	0.3	90	137	0.6569
30	2	1	0.1022	lag_s	0.1	44	123	0.3577
30	2	1	0.1022	lag_s	0.2	88	123	0.7154
30	2	1	0.1022	lag_s	0.3	110	123	0.8943
30	2	1	0.1022	lag_s	0.4	121	123	0.9837
30	2	1	0.1022	lag_s	0.5	122	123	0.9919
30	2	1	0.1022	gain	0.02	7	123	0.0569
30	2	1	0.1022	gain	0.05	43	123	0.3496
30	2	1	0.1022	gain	0.1	96	123	0.7805
30	2	1	0.1022	gain	0.15	121	123	0.9837
30	2	1	0.1022	gain	0.2	123	123	1.0000
30	2	1	0.1022	bias_ms2	0.05	123	123	1.0000
30	2	1	0.1022	bias_ms2	0.1	123	123	1.0000
30	2	1	0.1022	bias_ms2	0.2	123	123	1.0000
30	2	1	0.1022	bias_ms2	0.3	123	123	1.0000
30	2	1	0.1022	asym_ms2	0.05	18	123	0.1463
30	2	1	0.1022	asym_ms2	0.1	62	123	0.5041
30	2	1	0.1022	asym_ms2	0.2	117	123	0.9512
30	2	1	0.1022	asym_ms2	0.3	123	123	1.0000
30	2	2	0.0146	lag_s	0.1	19	135	0.1407
30	2	2	0.0146	lag_s	0.2	45	135	0.3333
30	2	2	0.0146	lag_s	0.3	90	135	0.6667
30	2	2	0.0146	lag_s	0.4	108	135	0.8000
30	2	2	0.0146	lag_s	0.5	119	135	0.8815
30	2	2	0.0146	gain	0.02	0	135	0.0000
30	2	2	0.0146	gain	0.05	8	135	0.0593
30	2	2	0.0146	gain	0.1	54	135	0.4000
30	2	2	0.0146	gain	0.15	97	135	0.7185
30	2	2	0.0146	gain	0.2	122	135	0.9037
30	2	2	0.0146	bias_ms2	0.05	135	135	1.0000
30	2	2	0.0146	bias_ms2	0.1	135	135	1.0000
30	2	2	0.0146	bias_ms2	0.2	135	135	1.0000
30	2	2	0.0146	bias_ms2	0.3	135	135	1.0000
30	2	2	0.0146	asym_ms2	0.05	4	135	0.0296
30	2	2	0.0146	asym_ms2	0.1	20	135	0.1481
30	2	2	0.0146	asym_ms2	0.2	93	135	0.6889
30	2	2	0.0146	asym_ms2	0.3	128	135	0.9481
60	1	1	0.0365	lag_s	0.1	36	132	0.2727
60	1	1	0.0365	lag_s	0.2	83	132	0.6288
60	1	1	0.0365	lag_s	0.3	123	132	0.9318
60	1	1	0.0365	lag_s	0.4	130	132	0.9848
60	1	1	0.0365	lag_s	0.5	130	132	0.9848
60	1	1	0.0365	gain	0.02	6	132	0.0455
60	1	1	0.0365	gain	0.05	45	132	0.3409
60	1	1	0.0365	gain	0.1	109	132	0.8258
60	1	1	0.0365	gain	0.15	130	132	0.9848
60	1	1	0.0365	gain	0.2	132	132	1.0000
60	1	1	0.0365	bias_ms2	0.05	132	132	1.0000
60	1	1	0.0365	bias_ms2	0.1	132	132	1.0000
60	1	1	0.0365	bias_ms2	0.2	132	132	1.0000
60	1	1	0.0365	bias_ms2	0.3	132	132	1.0000
60	1	1	0.0365	asym_ms2	0.05	18	132	0.1364
60	1	1	0.0365	asym_ms2	0.1	60	132	0.4545
60	1	1	0.0365	asym_ms2	0.2	132	132	1.0000
60	1	1	0.0365	asym_ms2	0.3	132	132	1.0000
